{
    "name" : "Flexiown Woocommerce Payment Gateway",
    "slug" : "flexiown-woocommerce-payment-gateway",
    "version" : "2.0.0",
    "author"  : "Flexiown",
    "author_uri" : "https://flexiown.co.za",
    "download_url" : "https://github.com/Teljoy/Fleixiown-Woocommerce-Plugin/raw/refs/heads/main/teljoy-flexiown.zip",
    "sections" : {
        "description" : "Use Flexiown as a payment processor for WooCommerce.",
        "changelog": "2.0.0 Full Compliance upgrade"
    },
    "icons" : {
		"1x" : "http://w-shadow.com/files/external-update-example/assets/icon-128x128.png",
		"2x" : "http://w-shadow.com/files/external-update-example/assets/icon-256x256.png"
    },
    "banners":{
        "low" : "https://github.com/Teljoy/Fleixiown-Woocommerce-Plugin/raw/main/popup/updater-media/mainbanner.jpg",
        "high" : "https://github.com/Teljoy/Fleixiown-Woocommerce-Plugin/raw/main/popup/updater-media/mainbanner.jpg"
    }
}

